{
  "balance": 994.1131295,
  "total_pnl": -5.8868705
}