{
  "balance": 999.25140525,
  "total_pnl": -0.74859475
}