{
  "balance": 1006.25999999,
  "total_pnl": 6.25999999
}