{
  "balance": 995.9653075,
  "total_pnl": -4.0346925
}