{
  "balance": 999.200544,
  "total_pnl": -0.799456
}