{
  "balance": 1005.36647618,
  "total_pnl": 5.36647618
}