{
  "balance": 993.58357,
  "total_pnl": -6.41643
}