{
  "balance": 999.942006,
  "total_pnl": -0.057994
}