{
  "balance": 998.1522625,
  "total_pnl": -1.8477375
}