{
  "balance": 999.1762085,
  "total_pnl": -0.8237915
}