{
  "balance": 897.56125,
  "total_pnl": -102.43875
}